mean_Value,var_Value,var_ste_Value,mean_ste_Value
0.421090069603,0.211591028655,0.00226077629821,0.00347521416717
