mean_Value,var_Value,mean_ste_Value,var_ste_Value
248.25657093,33056.7430058,1.37360853225,353.199762573
