mean_Value,var_Value,var_ste_Value,mean_ste_Value
270.214959774,38492.9079959,411.28328833,1.48225631715
