mean_Value,var_Value,var_ste_Value,mean_ste_Value
249.345511809,34527.1365674,368.910404627,1.40382583429
