mean_Value,var_Value,mean_ste_Value,var_ste_Value
242.414439284,33358.3275075,1.37986018391,356.422087724
