mean_Value,var_Value,mean_ste_Value,var_ste_Value
210.312313942,27339.9315876,1.24919909474,292.117627675
