mean_Value,var_Value,var_ste_Value,mean_ste_Value
-0.33917451036,0.19184321987,0.00204977785311,0.00330907169339
