mean_Value,var_Value,var_ste_Value,mean_ste_Value
267.209543152,37046.6248504,395.830257657,1.45414352176
