mean_Value,var_Value,mean_ste_Value,var_ste_Value
197.970709506,25832.8374212,1.21428045433,276.014852466
