mean_Value,var_Value,var_ste_Value,mean_ste_Value
203.973165615,25667.0969837,274.243973733,1.21037884612
