mean_Value,var_Value,var_ste_Value,mean_ste_Value
0.426938656907,0.212951935554,0.00227531711348,0.00348637216059
