mean_Value,var_Value,mean_ste_Value,var_ste_Value
0.424677420459,0.212749559841,0.00348471515578,0.00227315479962
