mean_Value,var_Value,mean_ste_Value,var_ste_Value
0.424773369232,0.211695636312,0.00347607310976,0.00226189399452
