mean_Value,var_Value,var_ste_Value,mean_ste_Value
257.755991031,36532.6121164,390.338210979,1.44402034456
