mean_Value,var_Value,mean_ste_Value,var_ste_Value
194.738211522,24411.0860802,1.1803926597,260.823935564
