mean_Value,var_Value,var_ste_Value,mean_ste_Value
204.89907742,27105.142896,289.608992444,1.24382361984
